id;filename;original_filename;extension;size_in_bytes;sha_256;content_type;upload_date
1;Savings Account;Towels indexing;Rustic;58570;European Unit of Account 17(E.U.A.-17);online back-end;2020-03-15T03:13:21
2;input Generic Metal Shirt Personal Loan Account;Tasty Concrete Soap implement reinvent;Baby Senior Designer;93657;Usability Serbian Dinar;toolset;2020-03-15T08:14:52
3;back-end withdrawal;withdrawal Loaf;Car withdrawal;21986;tertiary Prairie even-keeled;synthesizing customized;2020-03-15T08:59:49
4;Cheese Cotton payment;Concrete;Rubber Generic Cotton Pizza;40115;Granite Plastic Mississippi;Shoes;2020-03-14T19:12:33
5;methodology Orchard Borders;parse Reduced;interfaces Pennsylvania;76389;Internal;well-modulated;2020-03-15T08:29:42
6;Wells Investor cross-media;array Mali Vision-oriented;Sleek Rustic;82042;compress;New Leu;2020-03-15T08:29:00
7;Corporate;connect Jewelery Island;bricks-and-clicks program Garden;72049;Bedfordshire Investment Account Concrete;Rustic;2020-03-14T14:05:30
8;haptic Rustic Steel Table;Direct Montana Cambridgeshire;quantifying Stream Ridges;60255;Health Networked Clothing;Unbranded Fresh Table;2020-03-14T16:52:37
9;Table;USB;Small Nevada;50281;wireless;XSS sticky program;2020-03-14T20:32:29
10;Small Rubber Shirt Florida Organized;Pataca;Regional infrastructures;76978;program connect;Strategist Mountain;2020-03-14T17:21:48
